work_year,experience_level,job_title,salary_in_usd
3.0,3,84,85847
3.0,2,66,30000
3.0,2,66,25500
3.0,3,47,175000
3.0,3,47,120000
3.0,3,8,222200
3.0,3,8,136000
3.0,3,47,219000
3.0,3,47,141000
3.0,3,47,147100
3.0,3,47,90700
3.0,3,25,130000
3.0,3,25,100000
3.0,0,8,213660
3.0,0,8,130760
3.0,3,38,147100
3.0,3,38,90700
3.0,3,47,170000
3.0,3,47,150000
3.0,2,25,150000
3.0,2,25,110000
3.0,3,88,275000
3.0,3,88,174000
3.0,3,4,230000
3.0,3,4,143200
3.0,3,18,225000
3.0,3,18,156400
3.0,3,69,200000
3.0,3,69,130000
3.0,3,50,90000
3.0,3,50,72000
3.0,3,33,253200
3.0,3,33,90700
3.0,3,23,342810
3.0,3,23,184590
3.0,2,33,162500
3.0,2,33,130000
3.0,2,25,105380
3.0,2,25,64500
3.0,0,41,100000
3.0,0,22,30000
2.0,2,69,20984
3.0,0,8,204620
3.0,0,8,110680
3.0,3,33,270703
3.0,3,33,221484
3.0,3,47,212750
3.0,3,47,185000
3.0,3,47,262000
3.0,3,47,245000
3.0,3,47,275300
3.0,3,47,183500
3.0,3,47,218500
3.0,3,47,199098
3.0,3,33,203300
3.0,3,33,123600
3.0,3,88,189110
3.0,3,88,139000
3.0,1,47,258750
3.0,1,47,185000
3.0,3,33,231500
3.0,3,33,166000
3.0,3,47,172500
3.0,3,47,110500
3.0,3,33,238000
3.0,3,33,176000
3.0,3,33,237000
3.0,3,33,201450
3.0,3,8,309400
3.0,3,8,159100
3.0,3,33,115000
3.0,3,33,81500
3.0,3,47,237000
3.0,3,47,201450
3.0,3,23,280000
3.0,3,23,210000
3.0,3,31,280100
3.0,3,31,168100
3.0,3,33,193500
3.0,3,33,139000
3.0,2,47,65062
3.0,3,69,150000
3.0,2,6,69751
2.0,0,1,300000
3.0,2,69,96578
3.0,3,18,185900
3.0,3,18,129300
3.0,3,33,225000
3.0,3,33,175000
3.0,3,33,185000
3.0,3,33,140000
3.0,3,47,48289
3.0,3,47,38631
3.0,3,47,105000
3.0,3,47,70000
3.0,0,69,163196
3.0,0,69,145885
3.0,3,33,217000
3.0,3,33,185000
3.0,3,25,202800
3.0,3,25,104300
3.0,3,25,145000
3.0,3,25,65000
3.0,3,33,165000
3.0,3,33,132300
3.0,3,33,179170
3.0,3,33,94300
3.0,3,4,152500
3.0,3,4,116450
3.0,3,33,247300
3.0,3,33,133800
3.0,3,88,203000
3.0,3,88,133000
3.0,0,89,220000
2.0,0,69,56536
3.0,3,47,150000
3.0,3,47,120000
3.0,3,4,289800
3.0,3,4,214000
3.0,3,4,179820
3.0,3,4,143860
3.0,3,69,283200
3.0,3,69,188800
3.0,3,4,289800
3.0,3,4,214200
3.0,3,33,185900
3.0,3,33,129300
3.0,3,33,252000
3.0,3,33,129000
3.0,2,29,155000
3.0,2,29,140000
3.0,3,33,161800
3.0,3,33,141600
3.0,3,69,342300
3.0,3,69,176100
3.0,2,33,100000
3.0,2,33,70000
3.0,0,33,85000
3.0,0,33,65000
3.0,3,47,138784
3.0,3,47,83270
3.0,0,25,75000
3.0,0,25,70000
3.0,3,25,204500
3.0,3,25,138900
3.0,3,69,318300
3.0,3,69,212200
3.0,3,33,95000
3.0,3,33,75000
3.0,3,47,195000
3.0,3,47,160000
3.0,3,4,230000
3.0,3,4,143200
3.0,2,33,100000
3.0,2,33,70000
3.0,2,17,105000
3.0,2,5,20670
3.0,2,25,46178
3.0,2,25,42533
3.0,3,33,145000
3.0,3,33,115000
3.0,3,25,168400
3.0,3,25,105200
3.0,3,8,309400
3.0,3,8,159100
3.0,3,69,190000
3.0,3,69,150000
3.0,2,33,162500
3.0,2,33,130000
3.0,3,4,150000
3.0,3,4,120000
3.0,3,33,145000
3.0,3,33,120000
3.0,3,8,222200
3.0,3,8,136000
3.0,3,25,54685
3.0,3,25,42533
3.0,3,33,241000
3.0,3,33,155000
3.0,3,33,220000
3.0,3,33,190000
3.0,2,47,66837
3.0,2,47,54685
0.0,1,91,15000
3.0,2,55,85066
3.0,2,55,57723
3.0,0,25,85000
3.0,0,25,75000
3.0,3,33,160000
3.0,3,33,140000
3.0,2,69,300000
3.0,2,69,250000
3.0,3,47,228000
3.0,3,47,186000
3.0,3,47,190000
3.0,3,47,170000
3.0,2,88,230000
3.0,2,88,200000
3.0,3,31,180000
3.0,3,31,115000
3.0,3,31,200000
3.0,3,31,115000
3.0,3,32,53654
3.0,1,33,220000
3.0,1,33,205000
3.0,2,33,180000
3.0,2,33,130000
3.0,3,33,200000
3.0,3,33,150000
3.0,3,23,215000
3.0,3,23,170000
3.0,3,69,247500
3.0,3,69,172200
3.0,3,47,224000
3.0,3,47,176000
3.0,3,25,120000
3.0,3,25,75000
3.0,0,33,17022
3.0,3,5,68318
3.0,2,1,75020
3.0,3,25,140000
3.0,3,25,120000
3.0,3,33,128000
3.0,3,33,81500
3.0,3,33,145000
3.0,3,33,115000
3.0,3,33,185000
3.0,3,33,140000
3.0,1,58,329500
3.0,1,58,269600
3.0,3,41,100000
3.0,3,41,80000
3.0,3,47,250000
3.0,3,47,162500
3.0,2,1,200000
3.0,3,33,145000
3.0,3,33,100000
3.0,1,33,145000
3.0,1,33,115000
3.0,3,47,203500
3.0,3,47,152000
3.0,3,47,239000
3.0,3,47,122900
3.0,3,47,237000
3.0,3,47,145000
3.0,3,45,191765
3.0,3,45,134236
3.0,3,4,190000
3.0,3,4,112000
2.0,3,47,88256
3.0,0,33,85000
3.0,0,33,65000
3.0,3,25,135000
3.0,3,25,105500
3.0,3,88,293000
3.0,3,88,185000
3.0,3,25,80000
3.0,3,25,70000
3.0,3,33,220000
3.0,3,33,160000
3.0,3,47,175000
3.0,3,47,145000
3.0,3,25,200000
3.0,3,25,148500
3.0,3,47,48289
3.0,3,47,38631
3.0,3,33,240500
3.0,3,33,123700
3.0,3,4,152900
3.0,3,4,117100
3.0,3,4,173000
3.0,3,4,113000
3.0,3,8,260000
3.0,3,8,136000
3.0,1,33,175000
3.0,1,33,110000
3.0,3,8,260000
3.0,3,8,136000
3.0,3,89,130000
3.0,3,89,110000
3.0,3,8,205000
3.0,3,8,184000
3.0,3,25,149500
3.0,3,25,127075
3.0,3,47,195000
3.0,3,47,160000
3.0,3,33,219535
3.0,3,33,146115
3.0,3,47,170000
3.0,3,47,135000
3.0,3,47,175000
3.0,3,47,145000
3.0,3,47,199000
3.0,3,47,162000
3.0,3,8,222200
3.0,3,8,136000
3.0,1,4,221000
3.0,1,4,153000
3.0,3,25,187000
3.0,3,25,128000
3.0,3,89,210000
3.0,3,89,136000
3.0,3,47,175000
3.0,3,47,100000
3.0,3,33,179000
3.0,3,33,109000
3.0,3,47,245000
3.0,3,47,180000
3.0,3,25,142000
3.0,3,25,75000
3.0,3,37,198800
3.0,3,37,105200
3.0,3,25,125000
3.0,3,25,112000
3.0,3,47,210000
3.0,3,47,155000
3.0,3,37,115000
3.0,3,37,86000
3.0,3,47,165000
3.0,3,47,140000
3.0,3,25,139000
3.0,3,25,106000
3.0,0,25,40663
2.0,3,1,275000
3.0,3,73,50000
3.0,2,69,280700
3.0,2,69,150450
3.0,0,47,51753
3.0,3,31,250500
3.0,3,31,159500
3.0,3,33,145000
3.0,3,33,115000
3.0,3,25,140000
3.0,3,25,120000
3.0,0,47,130001
3.0,0,47,71907
3.0,2,47,93918
3.0,2,47,51962
3.0,3,25,175000
3.0,3,25,135000
3.0,0,33,85000
3.0,0,33,65000
3.0,3,69,257000
3.0,3,69,147000
3.0,3,33,222000
3.0,3,33,175000
3.0,3,47,203000
3.0,3,47,133200
3.0,0,8,213660
3.0,0,8,130760
3.0,3,33,221000
3.0,3,33,147000
3.0,3,41,100000
3.0,3,41,80000
3.0,3,47,185900
3.0,3,47,129300
3.0,3,47,238000
3.0,3,47,156000
3.0,3,69,304000
3.0,3,69,199000
3.0,2,16,48289
3.0,3,33,150000
3.0,3,33,130000
3.0,3,47,140000
3.0,3,47,110000
3.0,2,25,90000
3.0,2,25,75000
3.0,2,89,195895
3.0,2,89,102772
3.0,3,33,240000
3.0,3,33,183600
3.0,2,49,130000
3.0,2,49,80000
3.0,3,33,250000
3.0,3,33,150000
3.0,3,29,160000
3.0,3,29,120000
3.0,3,69,289076
3.0,3,69,202353
3.0,3,33,145000
3.0,3,33,120000
3.0,3,25,155000
3.0,3,25,106000
3.0,3,33,200000
3.0,3,33,160000
3.0,3,47,157750
3.0,3,47,104650
3.0,2,47,180000
3.0,2,47,140000
3.0,1,47,200000
3.0,1,47,145000
3.0,2,62,68000
3.0,0,13,60000
3.0,3,47,48289
3.0,3,47,38631
3.0,0,33,85000
3.0,0,33,65000
3.0,2,33,125000
3.0,2,33,90000
3.0,3,25,105000
3.0,3,25,90000
3.0,3,4,179820
3.0,3,4,143860
3.0,3,25,135000
3.0,3,25,105500
3.0,0,88,155000
3.0,0,88,125000
3.0,3,69,241000
3.0,3,69,181000
3.0,3,47,252000
3.0,3,47,154000
3.0,1,31,180000
3.0,1,31,155000
3.0,3,47,191765
3.0,3,47,134236
3.0,3,47,175000
3.0,3,47,145000
3.0,3,47,237000
3.0,3,47,145000
3.0,0,88,155000
3.0,0,88,125000
3.0,3,25,80000
3.0,3,25,70000
3.0,3,33,146000
3.0,3,33,75000
3.0,0,25,64200
3.0,0,25,56100
3.0,3,69,170000
3.0,3,69,130000
3.0,3,25,208450
3.0,3,25,170550
3.0,3,69,125000
3.0,3,69,100000
3.0,2,37,135000
3.0,2,37,120000
3.0,3,47,200000
3.0,3,47,170000
3.0,3,47,171250
3.0,3,47,113750
3.0,3,8,222200
3.0,3,8,136000
3.0,3,8,260000
3.0,3,8,136000
3.0,3,25,153600
3.0,3,25,100500
3.0,3,8,205000
3.0,3,8,184000
3.0,3,69,115000
3.0,3,69,95000
3.0,2,25,182500
3.0,2,25,121500
3.0,3,33,203100
3.0,3,33,114500
3.0,2,25,72914
3.0,2,25,54685
3.0,3,33,252000
3.0,3,33,129000
3.0,0,33,92700
3.0,0,33,61800
3.0,3,33,160000
3.0,3,33,130000
3.0,3,47,258000
3.0,3,47,190000
3.0,3,47,170000
3.0,3,47,135000
3.0,2,31,167500
3.0,2,31,106500
3.0,3,47,195000
3.0,3,47,160000
3.0,2,33,146000
3.0,2,33,75000
2.0,0,33,59888
3.0,1,33,286000
3.0,1,33,207000
3.0,3,25,100000
3.0,3,25,80000
3.0,3,33,223250
3.0,3,33,178600
3.0,1,53,353200
3.0,1,53,249300
3.0,2,74,230000
3.0,2,74,220000
3.0,3,47,297300
3.0,3,47,198200
3.0,2,89,210000
3.0,2,89,151800
3.0,3,47,200000
3.0,3,47,170000
3.0,3,47,317070
3.0,3,47,170730
3.0,3,33,128000
3.0,3,33,81500
3.0,0,17,21461
3.0,3,1,108000
3.0,3,1,60000
3.0,2,67,134000
3.0,2,67,124000
3.0,3,33,171250
3.0,3,33,113750
3.0,3,33,165000
3.0,3,33,132300
3.0,3,47,225000
3.0,3,47,175000
3.0,3,33,230000
3.0,3,33,124500
3.0,3,69,247500
3.0,3,69,172200
3.0,3,25,175000
3.0,3,25,145000
3.0,3,25,148700
3.0,3,25,125600
3.0,3,33,145000
3.0,3,33,115000
3.0,3,89,200000
3.0,3,89,150000
3.0,0,88,160000
3.0,0,88,120000
3.0,3,25,185000
3.0,3,25,120250
3.0,3,47,275300
3.0,3,47,183000
3.0,3,31,170000
3.0,3,31,125000
3.0,2,31,167500
3.0,2,31,106500
3.0,3,89,250000
3.0,3,89,200000
3.0,2,69,135000
3.0,3,3,423834
3.0,3,69,216000
3.0,3,69,184000
3.0,3,33,180000
3.0,3,33,165000
3.0,3,47,185900
3.0,3,47,129300
3.0,3,33,145000
3.0,3,33,120000
3.0,2,33,143865
3.0,2,33,115092
3.0,2,69,130000
3.0,2,69,90000
3.0,3,47,173000
3.0,3,47,132000
3.0,3,25,208049
3.0,3,25,128500
3.0,3,4,179820
3.0,3,4,143860
3.0,3,33,167500
3.0,3,33,106500
3.0,3,47,275300
3.0,3,47,183500
3.0,2,33,149600
3.0,2,33,102000
3.0,1,47,145000
3.0,1,47,100000
3.0,3,25,190000
3.0,3,25,95000
3.0,3,25,153600
3.0,3,25,106800
3.0,2,47,96578
3.0,2,47,80481
3.0,2,25,128000
3.0,2,25,85000
3.0,2,33,151000
3.0,2,33,140000
3.0,3,47,275300
3.0,3,47,183500
3.0,3,74,220000
3.0,3,74,170000
3.0,3,25,135000
3.0,3,25,105500
3.0,3,25,100000
3.0,3,25,80000
3.0,0,9,7000
3.0,0,7,42923
3.0,3,33,160000
3.0,3,33,145000
3.0,2,25,154000
3.0,2,25,143000
3.0,2,47,78990
3.0,2,47,51039
3.0,0,47,190000
3.0,0,47,120000
3.0,2,47,85066
3.0,2,47,51039
3.0,2,47,109371
3.0,2,47,72914
3.0,3,33,150000
3.0,3,33,111000
3.0,1,33,265000
3.0,1,33,235000
3.0,0,47,121093
2.0,2,47,73546
3.0,3,33,160000
3.0,3,33,130000
3.0,2,33,75000
3.0,2,33,60400
3.0,0,25,85000
3.0,0,25,75000
3.0,3,33,252000
3.0,3,33,129000
3.0,0,33,92700
3.0,0,33,61800
2.0,3,64,172309
3.0,2,47,60093
3.0,2,25,83500
3.0,2,25,52500
3.0,3,47,201036
3.0,3,47,134024
3.0,3,25,165000
3.0,3,25,140000
3.0,0,33,62000
3.0,0,33,58000
3.0,3,47,172000
3.0,3,47,115000
3.0,0,33,125000
3.0,0,33,90000
3.0,3,33,163800
3.0,3,33,126000
3.0,3,47,237000
3.0,3,47,145000
3.0,2,33,90000
3.0,2,33,90000
3.0,3,33,139500
3.0,3,33,109400
3.0,3,47,258000
3.0,3,47,190000
3.0,2,33,145000
3.0,2,33,120000
3.0,3,33,205600
3.0,3,33,105700
3.0,3,33,252000
3.0,3,33,129000
3.0,3,47,239748
3.0,3,47,159832
3.0,3,47,186300
3.0,3,47,102500
3.0,3,33,165000
3.0,3,33,132300
3.0,3,47,190000
3.0,3,47,126000
3.0,3,31,149040
3.0,3,31,113900
3.0,3,33,153600
3.0,3,33,106800
3.0,3,33,172600
3.0,3,33,107900
3.0,3,25,180180
3.0,3,25,106020
3.0,3,31,376080
3.0,3,31,213120
3.0,3,25,153600
3.0,3,25,100500
3.0,3,25,206500
3.0,3,25,121600
3.0,3,33,260000
3.0,3,33,225000
3.0,1,33,194500
3.0,1,33,115500
3.0,3,21,170000
3.0,3,7,90000
3.0,0,25,95000
3.0,0,25,70000
3.0,3,33,275000
3.0,3,33,160000
3.0,3,25,115934
3.0,3,25,81666
3.0,3,47,175000
3.0,3,47,120000
3.0,3,69,150000
3.0,3,69,120000
3.0,3,88,200000
3.0,3,88,175000
3.0,2,25,206000
3.0,2,25,130000
3.0,3,31,138000
3.0,3,31,92000
3.0,3,37,65000
3.0,3,37,48000
3.0,3,25,110000
3.0,3,25,75000
3.0,3,4,130000
3.0,3,4,87000
3.0,2,25,160000
3.0,2,25,112000
3.0,2,33,162500
3.0,2,33,130000
3.0,3,45,299500
3.0,3,45,245100
3.0,2,47,145000
3.0,2,47,100000
3.0,3,33,147100
3.0,3,33,90700
3.0,0,33,115100
3.0,0,33,73900
3.0,3,33,168400
3.0,3,33,105200
3.0,3,47,210000
3.0,3,47,160000
3.0,2,47,145000
3.0,2,47,100000
3.0,3,8,222200
3.0,3,8,136000
3.0,2,25,100000
3.0,2,25,85000
3.0,2,33,85066
3.0,2,33,57723
3.0,1,47,200000
3.0,1,47,145000
3.0,2,33,140000
3.0,2,33,95000
3.0,3,25,185000
3.0,3,25,120250
3.0,2,57,130000
3.0,3,47,205000
3.0,3,47,140000
3.0,3,47,297300
3.0,3,47,198200
3.0,3,89,141288
3.0,3,89,94192
3.0,3,34,184000
3.0,3,34,143000
3.0,3,25,70000
3.0,3,25,55000
3.0,3,4,275300
3.0,3,4,183500
3.0,2,25,75000
3.0,2,25,65000
3.0,2,66,160000
3.0,2,66,147000
3.0,3,31,149040
3.0,3,31,113900
3.0,2,90,75020
3.0,3,25,180180
3.0,3,25,106020
3.0,2,47,17022
3.0,0,2,70000
3.0,0,1,80000
3.0,2,62,18238
3.0,2,69,250000
3.0,2,69,150000
3.0,3,33,139500
3.0,3,33,109400
3.0,3,47,105000
3.0,3,47,70000
3.0,1,33,210914
3.0,1,33,116704
3.0,0,89,150000
3.0,0,89,100000
3.0,3,33,146000
3.0,3,33,75000
3.0,0,25,75000
3.0,0,25,60000
3.0,2,4,185700
3.0,2,4,165000
3.0,3,33,160000
3.0,3,33,130000
3.0,3,25,169000
3.0,3,25,110600
3.0,3,40,193000
3.0,3,40,136850
3.0,3,69,139500
3.0,3,69,109400
3.0,3,33,276000
3.0,3,33,178500
3.0,2,47,59020
3.0,2,47,48289
3.0,2,33,75116
3.0,2,33,48289
3.0,3,69,195652
3.0,3,69,101228
3.0,3,33,136956
3.0,3,33,101228
3.0,3,33,252000
3.0,3,33,129000
2.0,3,14,130000
1.0,2,44,150000
3.0,3,33,163800
3.0,3,33,126000
3.0,3,66,260000
3.0,3,66,110000
3.0,3,4,170000
3.0,3,4,130000
3.0,3,69,247500
3.0,3,69,172200
3.0,3,47,239748
3.0,3,47,159832
3.0,3,69,163800
3.0,3,69,126000
3.0,2,47,128750
3.0,2,47,106250
3.0,3,33,252000
3.0,3,33,129000
3.0,3,45,299500
3.0,3,45,245100
3.0,2,29,155000
3.0,2,29,140000
3.0,1,33,167500
3.0,1,33,106500
3.0,3,31,188500
3.0,3,31,117000
3.0,3,25,250000
3.0,3,25,138000
3.0,2,25,130000
3.0,2,25,100000
3.0,3,52,123405
3.0,3,33,140000
3.0,3,33,120000
3.0,3,11,160000
3.0,3,11,135000
3.0,2,45,104500
3.0,2,45,70000
3.0,2,42,90000
3.0,2,42,70000
3.0,3,33,153600
3.0,3,33,106800
3.0,0,33,125000
3.0,0,33,90000
3.0,2,89,185000
3.0,2,89,125000
3.0,3,25,127000
3.0,3,25,94000
3.0,3,47,210550
3.0,3,47,153300
3.0,2,47,200000
3.0,2,47,150000
3.0,3,25,161500
3.0,3,25,119500
3.0,3,25,175000
3.0,3,25,145000
3.0,3,47,175000
3.0,3,47,148750
3.0,3,30,105000
3.0,3,30,85000
3.0,3,89,215000
3.0,3,89,146300
3.0,0,1,214618
3.0,2,33,72000
3.0,2,33,60000
3.0,3,69,153400
3.0,3,69,122700
3.0,2,33,260000
3.0,2,33,175000
3.0,3,47,186300
3.0,3,47,123900
3.0,2,89,340000
3.0,2,89,150000
3.0,3,69,153400
3.0,3,69,122700
3.0,2,33,250000
3.0,2,33,175000
3.0,2,47,64385
3.0,3,25,185900
3.0,3,25,121700
3.0,3,25,153600
3.0,3,25,106800
3.0,3,90,50000
3.0,0,25,100000
3.0,3,69,247500
3.0,3,69,172200
3.0,1,33,310000
3.0,1,33,239000
3.0,3,25,125000
3.0,3,25,110000
3.0,0,25,150000
3.0,0,25,100000
3.0,3,47,149076
3.0,3,47,82365
3.0,2,33,146000
3.0,2,33,75000
3.0,3,69,139500
3.0,3,69,109400
3.0,3,33,139500
3.0,3,33,109400
3.0,2,33,149600
3.0,2,33,102000
3.0,2,25,97218
3.0,2,25,48609
3.0,3,33,252000
3.0,3,33,129000
3.0,3,25,95000
3.0,3,25,85500
3.0,3,25,185900
3.0,3,25,121700
3.0,0,89,150000
3.0,0,89,100000
3.0,2,33,145000
3.0,2,33,125000
3.0,2,47,150000
3.0,2,47,97750
3.0,3,47,201000
3.0,3,47,122000
3.0,3,33,252000
3.0,3,33,129000
3.0,3,25,120000
3.0,3,25,75000
3.0,2,47,116990
3.0,2,47,82920
3.0,3,47,185900
3.0,3,47,129300
3.0,2,74,200000
3.0,2,74,125000
3.0,3,47,201000
3.0,3,47,122000
3.0,3,69,204500
3.0,3,69,142200
3.0,3,37,155000
3.0,3,37,140000
3.0,2,70,205920
3.0,2,70,171600
3.0,3,33,121500
3.0,3,33,78000
3.0,2,33,154000
3.0,2,33,116000
3.0,3,47,190000
3.0,3,47,136000
3.0,2,25,78990
3.0,2,25,43809
3.0,3,25,180000
3.0,3,25,110000
3.0,3,47,275300
3.0,3,47,183000
3.0,3,33,170000
3.0,3,33,140000
3.0,3,33,154000
3.0,3,33,116000
3.0,3,33,160000
3.0,3,33,130000
3.0,2,33,200000
3.0,2,33,120000
3.0,3,47,175000
3.0,3,47,160000
3.0,2,33,127599
3.0,2,33,103294
3.0,3,33,153600
3.0,3,33,106800
3.0,0,25,85000
3.0,0,25,75000
3.0,3,47,225000
3.0,3,47,156400
3.0,3,4,150000
3.0,3,4,120000
3.0,3,69,163800
3.0,3,69,126000
3.0,3,25,145000
3.0,3,25,90000
3.0,3,69,204500
3.0,3,69,142200
3.0,3,25,95000
3.0,3,25,85500
3.0,3,33,167500
3.0,3,33,106500
3.0,3,33,163800
3.0,3,33,126000
3.0,2,29,155000
3.0,2,29,140000
3.0,3,89,250000
3.0,3,89,200000
3.0,3,47,260000
3.0,3,47,186000
3.0,3,33,160000
3.0,3,33,130000
3.0,3,89,200000
3.0,3,89,150000
3.0,3,47,48289
3.0,3,47,38631
3.0,3,47,150000
3.0,3,47,120000
3.0,0,25,30000
3.0,2,89,185000
3.0,2,89,125000
2.0,0,25,34320
2.0,2,17,9289
3.0,3,58,75116
2.0,1,45,106000
3.0,3,25,175000
3.0,3,25,130000
3.0,3,25,122000
3.0,3,25,93800
3.0,3,45,150000
3.0,3,45,90000
3.0,3,25,165000
3.0,3,25,112000
3.0,0,23,220000
3.0,3,12,71897
3.0,0,1,64385
3.0,3,69,204500
3.0,3,69,142200
3.0,3,25,15806
3.0,2,69,200000
3.0,2,69,175000
3.0,3,33,185900
3.0,3,33,129300
3.0,3,25,185900
3.0,3,25,121700
3.0,3,69,204500
3.0,3,69,142200
3.0,2,47,40000
3.0,3,42,29453
3.0,3,25,180180
3.0,3,25,106020
3.0,3,47,136000
3.0,3,47,104000
3.0,3,25,125000
3.0,3,25,110000
3.0,3,69,153400
3.0,3,69,122700
3.0,1,33,310000
3.0,1,33,239000
3.0,3,25,152380
3.0,3,25,121904
3.0,3,47,185900
3.0,3,47,129300
3.0,3,69,247500
3.0,3,69,172200
3.0,3,31,168400
3.0,3,31,105200
3.0,3,69,128280
3.0,3,69,106900
2.0,3,64,192000
3.0,2,33,140000
3.0,2,33,100000
3.0,3,88,107309
3.0,3,88,85847
3.0,3,69,275000
3.0,3,69,174000
3.0,3,33,139500
3.0,3,33,109400
3.0,3,69,139500
3.0,3,69,109400
3.0,3,25,170500
3.0,3,25,85000
3.0,3,37,72946
3.0,3,37,54365
3.0,1,59,160288
3.0,1,59,127467
3.0,3,33,80000
3.0,3,33,65000
3.0,3,33,124740
3.0,3,33,65488
3.0,3,41,72200
3.0,3,41,64980
3.0,3,33,153600
3.0,3,33,106800
3.0,3,25,179975
3.0,3,25,86466
3.0,3,33,120000
3.0,3,33,90000
3.0,2,61,51039
3.0,2,61,42533
3.0,3,47,149076
3.0,3,47,82365
3.0,3,25,169000
3.0,3,25,110600
3.0,3,45,175000
3.0,3,45,120000
3.0,3,25,230000
3.0,3,25,180000
3.0,3,25,153600
3.0,3,25,106800
3.0,3,37,140000
3.0,3,37,120000
3.0,3,70,205920
3.0,3,70,171600
3.0,3,25,165000
3.0,3,25,125000
3.0,3,33,265000
3.0,3,33,185000
3.0,2,6,130000
2.0,0,47,168000
3.0,2,3,38631
3.0,3,25,95000
3.0,3,25,85500
3.0,3,47,147100
3.0,3,47,90700
3.0,3,33,167580
3.0,3,33,87980
3.0,3,33,202000
3.0,3,33,135000
3.0,3,33,163800
3.0,3,33,126000
3.0,3,69,163800
3.0,3,69,126000
3.0,3,33,104000
3.0,3,33,65000
3.0,3,88,230000
3.0,3,88,148000
3.0,3,69,269000
3.0,3,69,158000
3.0,3,4,197000
3.0,3,4,106000
3.0,2,51,150000
3.0,2,51,100000
3.0,3,33,290000
3.0,3,33,210000
3.0,3,33,192000
3.0,3,33,172800
3.0,3,47,300240
3.0,3,47,200160
3.0,3,47,300240
3.0,3,47,200160
3.0,3,4,175000
3.0,3,4,140000
3.0,3,37,169000
3.0,3,37,100000
3.0,3,47,370000
3.0,3,47,245000
3.0,2,33,115447
3.0,3,25,110000
3.0,3,25,80000
3.0,0,25,55000
3.0,0,25,48000
3.0,3,25,95000
3.0,3,25,85000
3.0,3,33,137500
3.0,3,33,81500
3.0,3,69,323300
3.0,3,69,184700
1.0,2,3,30000
3.0,3,69,186000
3.0,3,69,153088
3.0,2,34,190000
3.0,2,34,160000
3.0,3,69,200000
3.0,3,69,150000
3.0,2,34,190000
3.0,2,34,183310
3.0,3,69,240000
3.0,3,69,180000
3.0,3,69,200000
3.0,3,69,150000
3.0,3,45,299500
3.0,3,45,245100
3.0,3,33,144000
3.0,3,33,66000
3.0,2,69,148500
3.0,2,69,126277
3.0,3,31,228000
3.0,3,31,120000
3.0,3,75,180000
3.0,3,75,90000
3.0,3,47,126500
3.0,3,47,78000
3.0,3,33,180000
3.0,3,33,160000
3.0,3,75,272000
3.0,3,75,170000
3.0,2,25,80000
3.0,2,25,60000
3.0,3,33,259000
3.0,3,33,146000
3.0,3,33,200000
3.0,3,33,160000
3.0,1,33,310000
3.0,1,33,239000
3.0,3,25,142000
3.0,3,25,95000
3.0,3,47,155000
3.0,3,47,139500
3.0,2,33,140000
3.0,2,33,120000
3.0,3,33,259000
3.0,3,33,146000
3.0,2,25,109371
3.0,2,25,72914
3.0,0,25,17779
3.0,0,47,19522
3.0,3,44,247500
3.0,3,44,172200
3.0,3,47,225000
3.0,3,47,156400
3.0,3,33,139500
3.0,3,33,109400
3.0,2,33,125000
3.0,2,33,90000
3.0,3,70,107309
3.0,3,70,75116
3.0,3,47,185900
3.0,3,47,129300
3.0,3,69,139500
3.0,3,69,109400
3.0,3,25,120000
3.0,3,25,75000
3.0,3,25,169000
3.0,3,25,110600
3.0,3,69,288000
3.0,3,69,140000
3.0,3,69,288000
3.0,3,69,140000
3.0,2,33,120000
3.0,2,33,90000
3.0,2,44,72914
3.0,2,44,60761
3.0,3,47,215050
3.0,3,47,156400
3.0,3,31,198000
3.0,3,31,114000
3.0,0,25,75000
3.0,0,25,60000
3.0,3,69,204500
3.0,3,69,142200
3.0,3,47,209300
3.0,3,47,182200
3.0,3,37,140000
3.0,3,37,120000
2.0,0,47,85000
3.0,2,69,48609
3.0,0,88,120000
3.0,0,88,60000
3.0,3,69,147100
3.0,3,69,90700
3.0,3,33,230000
3.0,3,33,170000
3.0,3,25,227000
3.0,3,25,108000
3.0,3,33,180000
3.0,3,33,160000
3.0,3,31,180000
3.0,3,31,160000
3.0,3,33,180000
3.0,3,33,130000
3.0,3,25,55800
3.0,3,25,51508
3.0,0,25,60000
3.0,0,25,50000
3.0,3,33,226700
3.0,3,33,133300
3.0,3,33,252000
3.0,3,33,129000
3.0,3,15,151902
3.0,0,47,9727
3.0,3,25,80000
3.0,3,25,52500
3.0,3,33,250000
3.0,3,33,162500
3.0,0,25,85000
3.0,0,25,75000
3.0,3,25,153600
3.0,3,25,106800
3.0,2,25,165000
3.0,2,25,124000
3.0,3,25,115934
3.0,3,25,81666
3.0,3,33,167580
3.0,3,33,87980
3.0,3,33,250000
3.0,3,33,63000
3.0,3,89,253750
3.0,3,89,169200
3.0,3,89,253750
3.0,3,89,169200
3.0,2,47,170000
3.0,2,47,120000
3.0,3,33,124740
3.0,3,33,65488
3.0,3,33,213580
3.0,3,33,163625
3.0,0,33,12000
2.0,3,75,375000
3.0,3,33,101943
3.0,2,86,16414
3.0,3,69,220000
3.0,3,69,170000
3.0,1,33,235000
3.0,1,33,210000
3.0,3,31,180000
3.0,3,31,115000
3.0,3,31,200000
3.0,3,31,115000
3.0,3,45,231250
3.0,3,45,138750
3.0,3,69,284310
3.0,3,69,153090
3.0,3,33,160000
3.0,3,33,75000
3.0,2,25,125000
3.0,2,25,105000
3.0,2,25,109371
3.0,2,25,85066
3.0,0,25,55000
3.0,0,25,48000
3.0,0,25,100000
3.0,3,44,225900
3.0,3,44,156400
3.0,3,33,250000
3.0,3,33,162500
3.0,3,69,318300
3.0,3,69,188800
3.0,3,25,385000
3.0,3,25,60000
3.0,2,25,110000
3.0,2,25,95000
3.0,3,47,145000
3.0,3,47,135000
3.0,3,25,180180
3.0,3,25,106020
3.0,3,25,93919
3.0,3,25,51962
3.0,3,33,241871
3.0,3,33,133832
3.0,3,47,170000
3.0,3,47,90000
3.0,1,33,210914
3.0,1,33,116704
3.0,3,25,192500
3.0,3,25,140000
3.0,3,47,149076
3.0,3,47,82365
3.0,2,69,36000
3.0,3,47,175000
3.0,3,47,148750
3.0,3,89,370000
3.0,3,89,200000
3.0,3,47,235000
3.0,3,47,185000
3.0,2,69,121523
3.0,2,69,97218
3.0,3,47,216100
3.0,3,47,140800
3.0,2,69,145828
3.0,2,69,121523
3.0,3,24,53654
3.0,0,47,110000
3.0,3,33,128000
3.0,3,33,81500
3.0,2,33,66837
3.0,2,33,63192
3.0,2,25,60761
3.0,2,25,54685
3.0,1,33,284000
3.0,1,33,236000
3.0,3,89,248100
3.0,3,89,145900
3.0,3,88,155850
3.0,3,88,102544
3.0,2,47,151410
3.0,2,47,115360
3.0,2,33,66531
3.0,2,33,59020
3.0,3,53,125686
3.0,3,10,100000
3.0,0,47,12767
3.0,3,47,250000
3.0,3,47,162500
3.0,3,47,185000
3.0,3,47,120250
3.0,0,33,26827
2.0,0,47,180000
3.0,2,89,85000
3.0,2,89,70000
3.0,3,14,135000
3.0,3,14,100000
3.0,1,29,155000
3.0,1,29,140000
3.0,3,69,204500
3.0,3,69,142200
3.0,3,33,226700
3.0,3,33,133300
3.0,3,47,225000
3.0,3,47,156400
3.0,3,33,163800
3.0,3,33,126000
3.0,3,69,163800
3.0,3,69,126000
3.0,3,66,220000
3.0,3,66,150000
3.0,3,33,145000
3.0,3,33,115000
3.0,3,29,204500
3.0,3,29,138900
3.0,2,33,162500
3.0,2,33,130000
3.0,3,33,150000
3.0,3,33,107000
3.0,1,33,175000
3.0,1,33,110000
3.0,3,33,226700
3.0,3,33,133300
3.0,3,33,252000
3.0,3,33,129000
3.0,3,69,150000
3.0,3,69,125000
3.0,3,33,252000
3.0,3,33,129000
3.0,3,47,225000
3.0,3,47,156400
2.0,2,89,23000
3.0,2,69,110000
3.0,3,33,265000
3.0,3,33,182750
3.0,2,25,130000
3.0,2,25,100000
3.0,3,25,153600
3.0,3,25,106800
3.0,3,33,137500
3.0,3,33,81500
3.0,1,59,314100
3.0,1,59,195800
3.0,3,8,205000
3.0,3,8,180000
3.0,3,47,165000
3.0,3,47,144000
3.0,0,14,160000
3.0,0,14,100000
3.0,1,33,200000
3.0,1,33,145000
3.0,2,25,150000
3.0,2,25,100000
3.0,3,37,199000
3.0,3,37,112000
3.0,3,47,105000
3.0,3,47,70000
3.0,0,16,130000
3.0,3,25,180180
3.0,3,25,106020
3.0,0,33,160000
3.0,0,33,135000
3.0,3,47,183000
3.0,3,47,134000
3.0,3,69,220000
3.0,3,69,150000
3.0,3,8,350000
3.0,3,8,262500
3.0,3,25,122000
3.0,3,25,94000
3.0,3,69,276000
3.0,3,69,184000
3.0,1,33,310000
3.0,1,33,239000
3.0,3,47,225000
3.0,3,47,156400
3.0,2,69,180000
3.0,2,69,150000
3.0,3,47,228000
3.0,3,47,152000
3.0,3,47,209450
3.0,3,47,158677
3.0,3,25,175000
3.0,3,25,145000
3.0,3,33,240000
3.0,3,33,170000
3.0,2,25,103200
3.0,2,25,61200
2.0,2,47,155000
1.0,0,78,66970
3.0,3,47,63312
3.0,3,47,237000
3.0,3,47,145000
3.0,3,47,240000
3.0,3,47,139000
3.0,3,31,174500
3.0,3,31,113000
3.0,3,25,130000
3.0,3,25,87000
3.0,3,25,160000
3.0,3,25,108000
3.0,3,33,165000
3.0,3,33,107250
3.0,3,33,300000
3.0,3,33,119000
3.0,3,47,285800
3.0,3,47,154600
3.0,2,59,60795
3.0,0,25,30000
3.0,2,45,220000
3.0,2,45,195000
3.0,3,37,168400
3.0,3,37,105200
3.0,2,25,206000
3.0,2,25,160000
3.0,3,4,200000
3.0,3,4,175000
3.0,3,4,231250
3.0,3,4,138750
3.0,3,33,153000
3.0,3,33,94000
3.0,3,33,240500
3.0,3,33,123700
3.0,3,33,160000
3.0,3,33,90000
3.0,0,47,124234
3.0,0,47,74540
3.0,2,25,109000
3.0,2,25,79000
2.0,3,69,84053
3.0,2,69,50000
3.0,3,47,275300
3.0,3,47,183500
3.0,3,47,275300
3.0,3,47,183500
3.0,3,25,160000
3.0,3,25,125600
3.0,3,33,170000
3.0,3,33,120000
3.0,3,33,225000
3.0,3,33,140000
3.0,3,25,141290
3.0,3,25,74178
3.0,3,47,150000
3.0,3,47,120000
3.0,3,33,85000
3.0,3,33,75000
3.0,3,33,220000
3.0,3,33,160000
3.0,3,33,205600
3.0,3,33,107500
3.0,2,33,120000
3.0,2,33,95000
3.0,3,33,185900
3.0,3,33,129300
3.0,3,33,160000
3.0,3,33,130000
3.0,0,47,12888
3.0,2,33,250000
3.0,2,33,175000
3.0,3,47,136000
3.0,3,47,104000
3.0,2,25,80000
3.0,2,25,52500
3.0,3,47,110000
3.0,3,47,84000
3.0,3,11,125000
3.0,3,11,110000
3.0,2,25,90000
3.0,2,25,80000
3.0,3,66,200000
3.0,3,66,135000
2.0,0,17,48000
3.0,0,1,120000
3.0,3,33,130000
3.0,3,33,75000
3.0,3,33,252000
3.0,3,33,129000
3.0,2,25,150000
3.0,2,25,100000
3.0,3,33,226700
3.0,3,33,133300
3.0,3,47,190000
3.0,3,47,165000
3.0,3,33,170000
3.0,3,33,150000
3.0,2,33,150000
3.0,2,33,130000
3.0,3,47,225000
3.0,3,47,156400
3.0,3,23,200000
3.0,2,5,80000
3.0,0,17,12877
2.0,0,1,6304
3.0,2,28,17509
3.0,3,47,257000
3.0,3,47,134000
3.0,3,47,77262
3.0,3,47,38631
3.0,3,33,205600
3.0,3,33,105700
3.0,3,14,140000
3.0,3,14,110000
3.0,3,45,299500
3.0,3,45,245100
3.0,3,89,210000
3.0,3,89,151800
3.0,2,47,53654
3.0,3,25,51508
3.0,3,25,40777
3.0,3,25,51508
3.0,3,25,40777
3.0,0,33,160000
3.0,0,33,135000
3.0,2,33,120000
3.0,2,33,95000
3.0,3,33,250000
3.0,3,33,63000
3.0,3,47,237000
3.0,3,47,145000
3.0,3,47,130000
3.0,3,47,90000
3.0,2,25,120000
3.0,2,25,100000
3.0,3,31,174500
3.0,3,31,113000
3.0,2,47,183310
3.0,2,47,183310
3.0,3,25,145000
3.0,3,25,102500
3.0,3,47,210000
3.0,3,47,185000
3.0,3,31,174500
3.0,3,31,113000
3.0,3,42,122000
3.0,3,42,94000
3.0,3,47,220000
3.0,3,47,146000
3.0,3,33,300000
3.0,3,33,130000
3.0,2,47,24740
2.0,2,23,15897
3.0,3,42,145000
3.0,3,42,128000
3.0,3,47,182000
3.0,3,47,140000
3.0,3,33,122000
3.0,3,33,94000
3.0,3,69,77262
3.0,3,69,38631
3.0,1,47,300000
3.0,1,47,200000
3.0,2,25,135000
3.0,2,25,105500
3.0,3,33,252000
3.0,3,33,129000
2.0,2,47,110000
3.0,3,47,136000
3.0,3,47,104000
3.0,3,47,168000
3.0,3,47,130000
3.0,2,25,78990
3.0,2,25,43809
3.0,2,33,120000
3.0,2,33,95000
3.0,3,47,153400
3.0,3,47,122700
3.0,3,47,185000
3.0,3,47,160000
3.0,3,47,205000
3.0,3,47,185000
3.0,3,69,204500
3.0,3,69,142200
3.0,2,69,145000
3.0,2,69,87000
3.0,0,47,50000
3.0,3,66,234100
3.0,3,66,203500
3.0,3,47,223800
3.0,3,47,172100
3.0,3,47,180000
3.0,3,47,150000
3.0,3,33,232200
3.0,3,33,167200
3.0,3,14,197000
3.0,3,14,106000
3.0,3,89,180000
3.0,3,89,145000
3.0,3,35,225000
3.0,3,35,200000
3.0,3,33,170000
3.0,3,33,114000
3.0,3,33,291500
3.0,3,33,180000
3.0,1,33,196200
3.0,1,33,150900
3.0,3,47,168400
3.0,3,47,105200
3.0,2,33,95000
3.0,2,33,80000
3.0,2,25,116000
3.0,2,25,72000
3.0,3,4,207000
3.0,3,4,167000
3.0,3,69,145000
3.0,3,69,135000
3.0,2,33,105000
3.0,2,33,70000
3.0,3,31,180000
3.0,3,31,115000
3.0,3,33,133800
3.0,3,33,96100
3.0,2,25,120000
3.0,2,25,80000
3.0,3,43,140000
3.0,3,43,100000
3.0,3,89,150000
3.0,3,89,120000
3.0,3,21,140000
3.0,3,21,115000
3.0,3,45,297300
3.0,3,45,198200
3.0,3,47,297300
3.0,3,47,198200
3.0,3,33,202000
3.0,3,33,135000
3.0,3,47,110000
3.0,3,47,84000
3.0,2,69,219000
3.0,3,8,230000
3.0,3,8,196000
3.0,3,14,140000
3.0,3,14,110000
3.0,2,25,150000
3.0,2,25,100000
3.0,3,33,160000
3.0,3,33,110000
3.0,3,47,185900
3.0,3,47,129300
3.0,3,8,126100
3.0,3,8,72000
3.0,3,33,170000
3.0,3,33,150000
3.0,2,69,175000
3.0,2,69,140000
3.0,3,25,240500
3.0,3,25,137500
3.0,2,47,187500
3.0,2,47,165000
3.0,2,72,72914
2.0,0,25,25216
3.0,3,89,210000
3.0,3,89,165750
3.0,3,74,225000
3.0,3,74,165750
3.0,2,69,109006
3.0,2,69,67141
3.0,3,47,135000
3.0,3,47,115000
3.0,3,79,275000
3.0,3,79,175000
3.0,3,47,170000
3.0,3,47,140000
3.0,3,33,175308
3.0,3,33,100706
3.0,3,79,235000
3.0,3,79,135000
3.0,3,33,310000
3.0,3,33,229000
3.0,3,66,289076
3.0,3,66,202353
3.0,3,33,69751
3.0,3,33,37558
3.0,2,88,120000
3.0,2,88,100000
3.0,3,33,226700
3.0,3,33,133300
3.0,3,25,125000
3.0,3,25,85000
3.0,3,25,130000
3.0,3,25,80000
3.0,2,33,120000
3.0,2,33,100000
1.0,3,47,54094
2.0,2,17,18314
3.0,3,33,231250
3.0,3,33,138750
3.0,3,33,199000
3.0,3,33,162000
3.0,0,33,160000
3.0,0,33,135000
2.0,0,47,100000
3.0,3,89,200000
3.0,3,89,150000
3.0,0,88,160000
3.0,0,88,120000
3.0,3,89,250000
3.0,3,89,200000
3.0,0,51,150000
3.0,0,51,120000
3.0,3,88,150000
3.0,3,88,100000
2.0,3,29,133000
3.0,3,47,272550
3.0,3,47,198200
3.0,3,47,182000
3.0,3,47,140000
3.0,3,33,200000
3.0,3,33,160000
3.0,3,69,204500
3.0,3,69,142200
3.0,2,47,120000
3.0,2,47,105000
3.0,3,33,187500
3.0,3,33,175000
3.0,3,69,204500
3.0,3,69,142200
3.0,3,25,155000
3.0,3,25,64000
3.0,3,23,235000
3.0,3,23,185000
3.0,3,31,174500
3.0,3,31,113000
3.0,3,47,143100
3.0,3,47,113000
3.0,3,8,184000
3.0,3,8,142000
3.0,3,47,140000
3.0,3,47,120000
3.0,3,31,174500
3.0,3,31,113000
3.0,3,47,180560
3.0,3,47,115440
3.0,3,47,140000
3.0,3,47,120000
3.0,3,89,248100
3.0,3,89,145900
3.0,3,47,120000
3.0,3,47,110000
3.0,3,33,291500
3.0,3,33,180000
3.0,2,69,75344
3.0,2,69,63192
3.0,3,33,161800
3.0,3,33,141600
3.0,2,69,58331
3.0,2,69,46178
3.0,3,33,166000
3.0,3,33,128000
3.0,3,31,170000
3.0,3,31,110000
3.0,3,33,160000
3.0,3,33,75000
3.0,3,33,236000
3.0,3,33,182000
2.0,2,25,14307
2.0,0,47,130000
3.0,2,25,150000
3.0,2,25,100000
3.0,3,69,261500
3.0,3,69,134500
2.0,2,47,13989
3.0,2,47,130000
3.0,2,47,90000
3.0,0,33,160000
3.0,0,33,135000
2.0,3,76,125000
2.0,3,33,175000
2.0,3,33,155000
2.0,3,33,153600
2.0,3,33,106800
2.0,3,47,150000
2.0,3,47,140000
2.0,3,42,122000
2.0,3,42,94500
2.0,3,33,170000
2.0,3,33,130000
2.0,3,42,145000
2.0,3,42,128000
2.0,3,33,145000
2.0,3,33,100000
2.0,3,33,175000
2.0,3,33,120000
2.0,3,33,145000
2.0,3,33,115000
2.0,3,7,150000
2.0,2,25,150000
2.0,2,25,100000
2.0,2,47,150000
2.0,2,47,127500
2.0,3,47,126500
2.0,3,47,51000
2.0,2,33,260000
2.0,2,33,175000
2.0,0,5,40000
2.0,0,2,40000
2.0,3,33,250000
2.0,3,33,63000
2.0,3,69,210000
2.0,3,69,160000
2.0,3,47,272550
2.0,3,47,198200
2.0,2,47,94560
2.0,2,47,52533
2.0,3,47,220000
2.0,3,47,146000
2.0,2,25,150000
2.0,2,25,100000
2.0,3,75,248400
2.0,3,75,183600
2.0,2,33,150000
2.0,2,33,150000
2.0,0,68,40000
2.0,3,64,56723
2.0,2,33,120000
2.0,2,33,95000
2.0,0,33,160000
2.0,0,33,135000
2.0,0,42,24165
2.0,3,33,216000
2.0,3,33,144000
2.0,0,33,85000
2.0,0,33,65000
2.0,3,25,149000
2.0,3,25,119000
2.0,3,47,140000
2.0,3,47,120000
2.0,2,47,150000
2.0,2,47,110000
2.0,3,69,246000
2.0,3,69,201000
2.0,3,47,190000
2.0,3,47,155000
2.0,3,66,235000
2.0,3,66,185000
2.0,3,21,190000
2.0,3,21,160000
2.0,0,86,100000
2.0,2,33,130000
2.0,2,33,115000
2.0,2,47,92350
2.0,2,47,67723
2.0,2,33,105000
2.0,2,33,70000
2.0,3,69,204500
2.0,3,69,142200
2.0,3,69,192000
2.0,3,69,164000
2.0,3,33,185900
2.0,3,33,129300
2.0,3,33,130000
2.0,3,33,75000
2.0,3,45,175000
2.0,3,45,120000
2.0,3,33,167500
2.0,3,33,106500
2.0,2,25,75000
2.0,2,25,60000
2.0,3,8,184000
2.0,3,8,142000
2.0,2,47,145000
2.0,2,47,100000
2.0,0,75,10000
2.0,2,47,31795
2.0,2,79,44365
2.0,3,33,175000
2.0,3,33,120000
2.0,3,33,175000
2.0,3,33,120000
2.0,1,33,200000
2.0,1,33,145000
2.0,2,33,92350
2.0,2,33,73880
2.0,3,33,145000
2.0,3,33,100000
2.0,3,8,192000
2.0,3,8,164000
2.0,1,33,310000
2.0,1,33,239000
2.0,3,25,120000
2.0,3,25,95000
2.0,3,69,145000
2.0,3,69,135000
2.0,3,33,100000
2.0,3,33,78000
2.0,3,33,73546
2.0,3,33,36773
2.0,2,33,160000
2.0,2,33,120000
2.0,3,47,190000
2.0,3,47,150000
2.0,2,33,35610
2.0,3,3,125000
2.0,3,33,120000
2.0,3,33,95000
2.0,2,25,150000
2.0,2,25,100000
2.0,3,47,47280
2.0,3,47,37824
2.0,3,25,115934
2.0,3,25,81666
2.0,3,47,175000
2.0,3,47,140000
2.0,3,33,120000
2.0,3,33,95000
2.0,3,88,249500
2.0,3,88,149850
2.0,2,4,122500
2.0,2,4,100000
2.0,3,47,249500
2.0,3,47,149850
2.0,0,25,55000
2.0,0,25,48000
2.0,3,89,249500
2.0,3,89,149850
2.0,2,23,58837
2.0,3,33,190000
2.0,3,33,120000
2.0,3,25,127000
2.0,3,25,104000
2.0,3,47,210000
2.0,3,47,150000
2.0,3,69,210000
2.0,3,69,150000
2.0,3,33,210000
2.0,3,33,130000
2.0,3,47,182750
2.0,3,47,161500
2.0,2,25,102640
2.0,2,25,66100
2.0,3,89,210000
2.0,3,89,150000
2.0,3,33,198800
2.0,3,33,122600
2.0,2,33,130000
2.0,2,33,80000
2.0,3,47,136000
2.0,3,47,104000
2.0,3,25,150000
2.0,3,25,100000
2.0,0,33,160000
2.0,0,33,135000
2.0,3,33,216000
2.0,3,33,144000
2.0,1,47,159000
2.0,1,47,130000
2.0,3,25,115934
2.0,3,25,81666
2.0,3,33,215000
2.0,3,33,150000
2.0,3,69,246000
2.0,3,69,201000
2.0,2,33,187000
2.0,2,33,153000
2.0,3,69,255000
2.0,3,69,185000
2.0,2,25,430967
2.0,2,25,55410
2.0,3,25,50432
2.0,3,25,39925
2.0,3,25,169000
2.0,3,25,110600
2.0,0,12,60938
2.0,3,14,140000
2.0,3,14,120000
2.0,2,25,75000
2.0,2,25,60000
2.0,3,0,10000
2.0,0,25,50000
2.0,2,67,134000
2.0,2,67,124000
2.0,3,25,166700
2.0,3,25,119000
2.0,0,47,124234
2.0,0,47,74540
2.0,2,25,100000
2.0,2,25,65000
1.0,2,25,16904
2.0,0,3,200000
2.0,0,69,12000
2.0,3,33,220000
2.0,3,33,146000
2.0,3,33,68293
2.0,3,33,36773
2.0,3,49,110000
2.0,3,49,70000
2.0,0,25,50000
2.0,3,33,120000
2.0,3,33,95000
2.0,2,25,150000
2.0,2,25,100000
2.0,3,47,47280
2.0,3,47,37824
2.0,3,31,190000
2.0,3,31,135000
2.0,3,47,128000
2.0,3,47,81500
2.0,3,47,173000
2.0,3,47,110000
2.0,3,69,192000
2.0,3,69,120000
2.0,3,25,115934
2.0,3,25,81666
2.0,3,25,120000
2.0,3,25,95000
2.0,3,85,190000
2.0,3,33,194000
2.0,3,33,129400
2.0,3,25,201000
2.0,3,25,89200
2.0,3,47,165000
2.0,3,47,125000
2.0,3,8,230000
2.0,3,8,196000
2.0,2,69,130000
2.0,2,69,90000
2.0,2,73,150000
2.0,2,73,100000
2.0,2,69,230000
2.0,2,69,150000
2.0,3,33,153600
2.0,3,33,106800
2.0,2,73,130000
2.0,2,73,100000
2.0,3,33,216000
2.0,3,33,144000
2.0,2,47,180000
2.0,2,47,120000
2.0,0,33,160000
2.0,0,33,135000
2.0,3,25,192500
2.0,3,25,140000
2.0,3,33,152500
2.0,3,33,130000
2.0,3,25,65000
2.0,3,25,55000
2.0,3,33,178750
2.0,3,33,160000
2.0,2,47,63040
2.0,2,47,52533
2.0,2,74,165000
2.0,2,74,135000
2.0,3,4,170000
2.0,3,4,125000
2.0,3,33,105000
2.0,3,33,70000
2.0,3,47,130000
2.0,3,47,95000
2.0,3,47,203500
2.0,3,47,152000
2.0,3,33,197430
2.0,3,33,134760
2.0,2,47,120000
2.0,3,33,197000
2.0,3,33,99000
2.0,3,33,220000
2.0,3,33,162000
2.0,2,33,110446
2.0,2,33,79178
2.0,2,42,70186
2.0,2,42,51716
2.0,3,31,149040
2.0,3,31,113900
0.0,2,17,95000
1.0,3,25,115000
2.0,3,25,171000
2.0,0,27,13000
2.0,3,33,100000
2.0,3,33,78000
2.0,3,33,120000
2.0,3,33,95000
2.0,3,49,110000
2.0,3,49,70000
2.0,0,26,50000
2.0,3,47,185900
2.0,3,47,129300
2.0,2,25,150000
2.0,2,25,100000
2.0,3,33,230000
2.0,3,33,154600
2.0,3,69,204500
2.0,3,69,142200
2.0,2,33,160000
2.0,2,33,75000
2.0,3,47,47280
2.0,3,47,37824
2.0,3,33,213000
2.0,3,33,152000
2.0,3,47,140000
2.0,3,47,120000
2.0,3,47,110000
2.0,3,47,70000
2.0,3,75,227200
2.0,3,75,168000
1.0,0,0,20000
2.0,2,47,64090
2.0,2,47,60938
2.0,3,66,243000
2.0,3,66,183000
2.0,3,33,175000
2.0,3,33,150000
2.0,2,47,130000
2.0,2,47,90000
2.0,2,25,165000
2.0,2,25,124000
2.0,3,33,178000
2.0,3,33,132000
2.0,3,33,300000
2.0,3,33,130000
2.0,3,25,169000
2.0,3,25,110600
2.0,3,25,116000
2.0,3,25,96000
2.0,3,25,92350
2.0,3,25,70186
2.0,3,25,105000
2.0,3,25,70000
2.0,2,73,105236
2.0,3,33,194000
2.0,3,33,129400
2.0,3,31,190000
2.0,3,31,135000
2.0,3,25,100000
2.0,3,25,70000
2.0,0,69,189750
2.0,0,69,140250
2.0,3,25,130000
2.0,3,25,100000
2.0,2,25,160000
2.0,2,25,109000
2.0,3,88,250000
2.0,3,88,150000
2.0,2,25,206000
2.0,2,25,160000
2.0,3,33,135000
2.0,3,33,120000
2.0,3,69,115573
2.0,3,69,73546
2.0,0,33,160000
2.0,0,33,135000
2.0,2,25,150000
2.0,2,25,100000
2.0,2,33,120000
2.0,2,33,95000
2.0,3,33,68293
2.0,3,33,42026
2.0,3,33,191200
2.0,3,33,130000
2.0,3,33,191200
2.0,3,33,130000
2.0,0,72,66192
2.0,0,0,50000
2.0,3,33,230000
2.0,3,33,154600
2.0,3,33,120000
2.0,3,33,95000
2.0,3,47,140000
2.0,3,47,120000
2.0,3,25,169000
2.0,3,25,110600
2.0,2,25,80000
2.0,3,33,185900
2.0,3,33,129300
2.0,3,4,135000
2.0,3,4,110000
2.0,2,29,155000
2.0,2,29,140000
2.0,3,33,205000
2.0,3,33,150000
2.0,3,33,179500
2.0,3,33,134000
2.0,2,47,180000
2.0,2,47,120000
2.0,3,47,185900
2.0,3,47,129300
2.0,3,47,175000
2.0,3,47,145000
2.0,3,31,235000
2.0,3,31,175000
2.0,0,42,27317
2.0,2,33,160000
2.0,2,33,90000
2.0,3,33,68293
2.0,3,33,36773
2.0,3,33,145000
2.0,3,33,115000
2.0,2,49,165000
2.0,2,49,135000
2.0,3,33,168400
2.0,3,33,105200
2.0,2,51,86193
2.0,2,51,49253
2.0,3,33,200000
2.0,3,33,160000
2.0,3,47,47280
2.0,3,47,37824
2.0,3,47,198800
2.0,3,47,122600
2.0,0,69,100000
2.0,2,12,105066
2.0,3,25,130000
2.0,3,25,100000
2.0,2,4,104663
2.0,2,4,73880
2.0,3,33,125000
2.0,3,33,110000
2.0,2,25,165000
2.0,2,25,124000
2.0,3,47,148000
2.0,3,47,107000
2.0,2,25,150000
2.0,2,25,100000
2.0,0,33,160000
2.0,0,33,135000
2.0,2,33,120000
2.0,2,33,95000
2.0,3,33,153600
2.0,3,33,106800
2.0,2,25,100000
2.0,2,25,65000
2.0,2,33,120000
2.0,2,33,95000
2.0,3,33,63040
2.0,3,33,36773
2.0,1,33,310000
2.0,1,33,239000
2.0,3,45,299500
2.0,3,45,245100
2.0,3,47,168000
2.0,3,47,130000
2.0,3,47,136000
2.0,3,47,104000
2.0,2,33,161000
2.0,2,33,118000
2.0,3,8,205000
2.0,3,8,184000
2.0,3,47,185900
2.0,3,47,129300
2.0,3,45,247500
2.0,3,45,172200
2.0,3,36,68293
2.0,3,25,177000
2.0,3,25,131000
2.0,3,8,205000
2.0,3,8,184000
2.0,3,33,146000
2.0,3,33,102000
2.0,3,25,169000
2.0,3,25,110600
2.0,3,8,230000
2.0,3,8,196000
2.0,3,33,135000
2.0,3,33,100000
2.0,2,33,80000
2.0,2,33,65000
2.0,3,33,135000
2.0,3,33,100000
2.0,3,33,61566
2.0,3,33,43096
2.0,2,33,175000
2.0,2,33,135000
2.0,0,47,80000
2.0,3,33,231250
2.0,3,33,138750
2.0,3,4,193750
2.0,3,4,116250
2.0,3,33,231250
2.0,3,33,138750
2.0,3,4,231250
2.0,3,4,138750
2.0,3,4,231250
2.0,3,4,138750
2.0,3,33,193750
2.0,3,33,116250
2.0,3,47,208000
2.0,3,47,127000
2.0,3,89,300000
2.0,3,89,196000
2.0,3,69,204500
2.0,3,69,142200
1.0,2,9,45555
2.0,3,33,185900
2.0,3,33,129300
2.0,3,47,47280
2.0,3,47,37824
2.0,3,69,204500
2.0,3,69,142200
2.0,3,47,205000
2.0,3,47,185000
2.0,3,47,185900
2.0,3,47,129300
2.0,3,69,247500
2.0,3,69,172200
2.0,0,33,160000
2.0,0,33,135000
2.0,2,25,150000
2.0,2,25,100000
2.0,3,25,110000
2.0,3,25,95000
2.0,3,47,185900
2.0,3,47,129300
2.0,3,8,205000
2.0,3,8,184000
2.0,0,47,17684
2.0,3,46,375000
2.0,3,33,191200
2.0,3,33,130000
2.0,3,47,225000
2.0,3,47,156400
2.0,3,25,169000
2.0,3,25,110600
2.0,3,69,204500
2.0,3,69,142200
2.0,2,69,104663
2.0,2,69,80036
2.0,3,47,185900
2.0,3,47,129300
2.0,3,47,140700
2.0,3,47,93800
2.0,3,47,350000
2.0,3,47,135000
2.0,3,25,115934
2.0,3,25,81666
2.0,0,11,12000
2.0,2,69,104697
2.0,0,68,33000
2.0,0,74,34672
2.0,3,69,201000
2.0,3,69,119000
2.0,3,33,175000
2.0,3,33,150000
2.0,3,25,154560
2.0,3,25,123648
2.0,3,25,130000
2.0,3,25,100000
2.0,2,33,170000
2.0,2,33,145000
2.0,3,33,135000
2.0,3,33,100000
2.0,3,47,247500
2.0,3,47,172200
2.0,3,47,177500
2.0,3,47,134000
2.0,3,47,185900
2.0,3,47,129300
2.0,3,31,192564
2.0,3,31,144854
2.0,3,25,130000
2.0,3,25,105000
2.0,3,33,179305
2.0,3,33,142127
2.0,3,33,315000
2.0,3,33,225000
2.0,3,47,243900
2.0,3,47,156600
2.0,2,25,206000
2.0,2,25,160000
2.0,2,25,109000
2.0,2,25,79000
2.0,2,25,160000
2.0,2,25,109000
2.0,2,48,89306
2.0,3,33,182500
2.0,3,33,128500
2.0,2,33,160000
2.0,2,33,90000
2.0,0,37,77300
2.0,0,37,45600
2.0,3,25,127000
2.0,3,25,110000
2.0,3,31,210000
2.0,3,31,136000
2.0,3,20,12608
2.0,3,33,170000
2.0,3,33,140000
2.0,3,33,247500
2.0,3,33,172200
2.0,3,33,225000
2.0,3,33,184100
2.0,2,69,130000
2.0,2,69,90000
2.0,2,47,120000
2.0,2,47,100000
2.0,2,47,85000
2.0,2,47,78000
2.0,3,33,161000
2.0,3,33,110000
2.0,3,47,136000
2.0,3,47,104000
2.0,3,47,47280
2.0,3,47,37824
2.0,1,58,205000
2.0,1,58,160000
2.0,3,25,169000
2.0,3,25,110600
2.0,0,33,61566
2.0,0,33,49253
2.0,3,33,160000
2.0,3,33,130000
2.0,3,47,245000
2.0,3,47,180000
2.0,3,33,135000
2.0,3,33,100000
2.0,3,33,220000
2.0,3,33,150000
2.0,3,47,198440
2.0,3,47,144000
2.0,3,33,240000
2.0,3,33,170000
2.0,3,47,198440
2.0,3,47,144000
2.0,2,25,150000
2.0,2,25,100000
2.0,3,25,120000
2.0,3,25,95000
2.0,2,47,57872
2.0,0,25,64000
2.0,0,47,39925
2.0,3,69,187200
2.0,3,69,116100
2.0,3,25,150000
2.0,3,25,127000
2.0,3,33,275000
2.0,3,33,166000
2.0,3,47,159699
2.0,3,47,138938
2.0,0,11,76000
2.0,3,25,166700
2.0,3,25,119000
2.0,3,25,130000
2.0,3,25,100000
2.0,3,4,103432
2.0,3,4,92350
2.0,3,25,80000
2.0,3,25,52500
2.0,3,33,236000
2.0,3,33,182000
2.0,3,47,180000
2.0,3,47,140000
2.0,3,47,225000
2.0,3,47,156400
2.0,3,25,135000
2.0,3,25,100000
2.0,3,69,204500
2.0,3,69,142200
2.0,2,88,240000
2.0,0,25,125404
2.0,3,33,300000
2.0,3,33,130000
2.0,3,33,195000
2.0,3,33,175000
2.0,3,33,155000
2.0,3,33,110000
2.0,3,39,123000
2.0,3,39,92250
2.0,3,33,170000
2.0,3,33,150000
2.0,2,66,180000
2.0,2,66,100000
2.0,3,33,97000
2.0,3,33,90000
2.0,3,33,200000
2.0,3,33,160000
2.0,3,69,210000
2.0,3,69,180000
2.0,3,33,260000
2.0,3,33,180000
2.0,1,4,210000
2.0,1,4,157000
2.0,0,47,180000
2.0,0,47,100000
2.0,2,25,80000
2.0,2,25,52500
2.0,3,31,128000
2.0,3,31,81500
2.0,3,40,105000
2.0,3,40,70000
2.0,3,47,175000
2.0,3,47,122500
2.0,3,33,171000
2.0,3,33,117000
2.0,3,47,202800
2.0,3,47,104300
2.0,3,25,50432
2.0,3,25,36773
2.0,3,33,197000
2.0,3,33,99000
2.0,3,33,160000
2.0,3,33,110000
2.0,3,47,185900
2.0,3,47,129300
2.0,2,47,30000
2.0,2,4,78000
2.0,2,4,48000
2.0,3,33,170000
2.0,3,33,130000
2.0,3,25,150000
2.0,3,25,95000
2.0,2,33,78000
2.0,2,33,42000
2.0,3,31,345600
2.0,3,31,230400
2.0,3,33,145000
2.0,3,33,115000
2.0,2,11,78000
2.0,2,11,48000
2.0,3,25,175950
2.0,3,25,130050
2.0,3,33,205600
2.0,3,33,105700
2.0,3,25,236600
2.0,3,25,89200
2.0,2,47,84000
2.0,2,47,54000
2.0,0,47,80000
2.0,3,77,200000
2.0,0,47,73742
2.0,3,44,165000
2.0,0,47,33246
2.0,3,33,185900
2.0,3,33,129300
2.0,3,25,169000
2.0,3,25,110600
1.0,0,80,5409
1.0,2,33,75050
2.0,3,33,225000
2.0,3,33,184100
2.0,3,47,185900
2.0,3,47,129300
2.0,3,47,225000
2.0,3,47,156400
2.0,3,47,185900
2.0,3,47,129300
2.0,0,69,108000
2.0,3,87,8000
2.0,3,47,155000
2.0,3,47,38000
2.0,2,25,85000
2.0,2,25,65000
2.0,3,47,155000
2.0,3,47,38000
2.0,2,33,110820
2.0,2,33,92350
2.0,3,47,153600
2.0,3,47,106800
2.0,3,47,185000
2.0,3,47,50000
2.0,3,33,185900
2.0,3,33,129300
2.0,3,47,155000
2.0,3,47,38000
2.0,3,47,168000
2.0,3,47,130000
2.0,3,47,123400
2.0,3,47,88100
2.0,3,47,120000
2.0,3,47,55000
2.0,3,47,185900
2.0,3,47,129300
2.0,3,33,191200
2.0,3,33,130000
2.0,3,25,169000
2.0,3,25,110600
2.0,3,4,150000
2.0,3,4,120000
2.0,3,42,139000
2.0,3,42,122000
2.0,3,47,185900
2.0,3,47,129300
2.0,3,25,139600
2.0,3,25,85700
2.0,3,33,185000
2.0,3,33,50000
2.0,3,33,185900
2.0,3,33,129300
2.0,3,47,225000
2.0,3,47,156400
2.0,3,47,200000
2.0,3,47,175000
2.0,3,33,185900
2.0,3,33,129300
2.0,2,66,148500
2.0,2,66,98200
2.0,3,25,115000
2.0,3,25,95000
2.0,3,31,225000
2.0,3,31,66000
2.0,3,47,185000
2.0,3,47,50000
2.0,3,47,47280
2.0,3,47,37824
2.0,2,37,134000
2.0,2,37,98000
2.0,2,25,105000
2.0,2,25,62000
2.0,0,12,57000
2.0,3,16,161311
2.0,2,47,144200
2.0,2,47,115360
2.0,2,47,83171
2.0,3,82,38154
2.0,3,33,73546
2.0,3,33,42026
2.0,3,33,170000
2.0,3,33,150000
2.0,3,31,180000
2.0,3,31,160000
2.0,2,47,108000
2.0,3,71,200000
2.0,3,71,150000
2.0,1,37,125976
2.0,3,33,188700
2.0,3,33,160395
2.0,3,25,115934
2.0,3,25,81666
2.0,3,33,300000
2.0,3,33,225000
2.0,3,47,198440
2.0,3,47,144000
2.0,3,8,191475
2.0,3,8,141525
2.0,3,25,50432
2.0,3,25,36773
2.0,2,47,75648
2.0,3,64,156868
2.0,3,11,200000
2.0,3,47,198440
2.0,3,47,144000
2.0,3,65,69344
2.0,2,79,5132
2.0,3,25,90000
2.0,2,89,126080
2.0,2,89,84053
2.0,3,33,200000
2.0,3,33,180000
2.0,2,4,108000
2.0,2,4,85000
2.0,3,69,210000
2.0,3,69,180000
2.0,3,33,165000
2.0,3,33,132000
2.0,3,4,130000
2.0,3,4,110000
2.0,2,12,45050
1.0,0,25,42028
2.0,2,27,135000
2.0,3,33,178800
2.0,3,33,132100
2.0,0,25,20000
2.0,3,69,140000
2.0,3,69,110000
2.0,3,33,160000
2.0,3,33,85000
2.0,3,54,250000
2.0,3,54,63000
2.0,1,33,187200
2.0,1,33,116100
2.0,2,47,10000
2.0,3,33,200000
2.0,3,33,145000
2.0,3,33,229998
2.0,3,33,154545
2.0,3,47,215000
2.0,3,47,159000
2.0,3,33,229998
2.0,3,33,154545
2.0,0,3,50000
2.0,3,48,183000
2.0,3,25,99750
2.0,3,25,68400
2.0,3,47,236900
2.0,3,47,159200
2.0,3,45,243225
2.0,3,45,179775
2.0,3,33,175000
2.0,3,33,150000
2.0,3,69,210000
2.0,3,69,180000
2.0,3,47,148000
2.0,3,47,128000
2.0,3,31,190000
2.0,3,31,135000
2.0,3,4,130000
2.0,3,4,110000
2.0,3,47,191475
2.0,3,47,141525
2.0,3,33,160000
2.0,3,33,85000
2.0,3,47,218000
2.0,3,47,145300
2.0,3,66,195400
2.0,3,66,131300
2.0,0,49,105000
2.0,3,47,191475
2.0,3,47,141525
2.0,3,47,207000
2.0,3,47,153000
2.0,3,47,191475
2.0,3,47,141525
2.0,3,25,110000
2.0,3,25,99000
2.0,3,47,191475
2.0,3,47,141525
2.0,3,47,191475
2.0,3,47,141525
2.0,3,47,191475
2.0,3,47,141525
2.0,3,69,200000
2.0,3,69,135000
2.0,3,47,207000
2.0,3,47,153000
2.0,3,47,191475
2.0,3,47,141525
2.0,3,47,191475
2.0,3,47,141525
2.0,3,47,191475
2.0,3,47,141525
2.0,3,33,195700
2.0,3,33,130500
2.0,3,66,130000
2.0,3,66,84000
2.0,2,40,100000
2.0,2,40,60000
2.0,2,33,80036
2.0,2,33,67723
2.0,3,33,141300
2.0,3,33,102100
2.0,3,25,50432
2.0,3,25,36773
2.0,2,17,150000
2.0,2,47,102200
2.0,0,47,22892
2.0,3,25,144000
2.0,3,25,113000
2.0,0,3,31520
2.0,3,31,195400
2.0,3,31,131300
2.0,3,69,195400
2.0,3,69,131300
2.0,3,31,195400
2.0,3,31,131300
2.0,3,31,190000
2.0,3,31,135000
2.0,3,33,135000
2.0,3,33,80000
2.0,0,12,8050
2.0,3,33,160000
2.0,3,33,85000
2.0,3,33,178800
2.0,3,33,132100
2.0,2,79,60000
2.0,3,69,63040
2.0,0,17,50000
2.0,3,33,140000
2.0,3,33,105000
2.0,2,33,80036
2.0,2,33,67723
2.0,3,4,190000
2.0,3,4,140000
2.0,2,40,100000
2.0,2,40,60000
2.0,3,47,180000
2.0,3,47,165000
2.0,3,7,108000
1.0,0,72,20000
2.0,3,31,190000
2.0,3,31,135000
2.0,3,47,179400
2.0,3,47,154000
2.0,3,74,193900
2.0,3,74,129300
2.0,1,45,222640
2.0,1,45,182160
2.0,2,33,150000
2.0,2,33,100000
2.0,3,4,122500
2.0,3,4,100000
2.0,1,33,297500
2.0,1,33,260000
1.0,0,68,15000
2.0,3,33,193000
2.0,0,47,93000
2.0,0,47,73000
2.0,2,40,100000
2.0,2,40,60000
2.0,0,25,7799
2.0,3,47,136994
2.0,3,47,101570
2.0,3,54,250000
2.0,3,54,63000
2.0,2,37,134000
2.0,2,37,98000
2.0,3,47,191475
2.0,3,47,141525
2.0,3,53,57786
2.0,2,25,136000
2.0,2,25,112000
2.0,3,47,172000
2.0,3,47,140000
2.0,3,33,215000
2.0,3,33,164000
2.0,3,33,300000
2.0,3,33,130000
2.0,3,33,250000
2.0,3,33,63000
2.0,3,33,180000
2.0,3,33,150000
1.0,0,33,45390
2.0,3,33,250000
2.0,3,33,63000
2.0,3,47,191475
2.0,3,47,141525
2.0,2,25,97500
2.0,3,8,212800
2.0,3,8,142800
2.0,2,47,73546
2.0,0,47,50000
2.0,0,25,6359
2.0,3,47,151800
2.0,3,47,130240
2.0,3,4,165000
2.0,3,4,140250
2.0,3,33,135000
2.0,3,33,115000
2.0,3,47,179400
2.0,3,47,154000
2.0,3,47,191475
2.0,3,47,141525
2.0,3,47,191475
2.0,3,47,141525
2.0,3,47,191475
2.0,3,47,141525
2.0,2,57,75000
2.0,2,33,84053
2.0,2,33,73546
2.0,2,33,98506
2.0,2,33,86193
2.0,2,33,84053
2.0,2,33,73546
2.0,3,47,191475
2.0,3,47,141525
2.0,3,47,191475
2.0,3,47,141525
2.0,3,4,102663
2.0,3,4,80041
2.0,3,47,191475
2.0,3,47,141525
2.0,3,33,104611
2.0,3,33,82280
2.0,3,47,191475
2.0,3,47,141525
2.0,3,47,191475
2.0,3,47,141525
2.0,3,25,115000
2.0,0,47,31520
2.0,3,39,81000
2.0,3,39,66000
2.0,0,25,46000
2.0,0,33,80000
2.0,1,74,200000
2.0,1,74,180000
2.0,1,3,200000
2.0,3,47,204100
2.0,3,47,136100
2.0,3,4,250000
2.0,3,4,63000
2.0,2,47,118208
2.0,2,47,110820
1.0,0,24,19073
2.0,3,47,191475
2.0,3,47,141525
2.0,3,47,191475
2.0,3,47,141525
2.0,3,47,191475
2.0,3,47,141525
2.0,3,49,95000
2.0,3,49,70000
2.0,2,7,75000
2.0,2,4,7500
2.0,2,25,113000
2.0,3,47,170000
2.0,3,47,130000
2.0,2,26,113000
2.0,2,86,140000
1.0,3,25,50000
2.0,2,12,53368
2.0,3,47,175000
2.0,3,47,140000
2.0,3,64,29944
2.0,3,4,250000
2.0,3,4,63000
2.0,3,47,160000
2.0,3,47,119300
2.0,2,89,145000
2.0,3,33,105000
2.0,3,33,90000
2.0,3,54,146200
2.0,3,54,124270
2.0,2,47,225000
2.0,2,47,160000
2.0,2,47,54634
2.0,3,33,185800
2.0,3,33,137400
2.0,3,4,245000
2.0,3,4,180000
2.0,3,4,203500
2.0,3,4,152000
2.0,3,33,250000
2.0,3,33,63000
2.0,3,70,186000
2.0,3,70,148800
2.0,3,65,95386
2.0,2,69,128058
2.0,0,47,82000
2.0,0,47,110000
2.0,2,7,173000
2.0,3,47,203500
2.0,3,47,152000
2.0,3,69,186000
2.0,3,69,148800
2.0,0,12,6270
2.0,2,45,158000
2.0,2,45,134000
2.0,3,47,170000
2.0,3,47,120000
2.0,1,4,200000
2.0,1,4,150000
2.0,3,25,216200
2.0,3,25,144100
2.0,2,47,115573
2.0,2,47,89306
2.0,3,54,250000
2.0,3,54,63000
2.0,3,33,135000
2.0,3,33,85000
2.0,3,69,135000
2.0,3,69,85000
2.0,3,45,206000
2.0,3,45,175100
2.0,3,69,189650
2.0,3,69,164996
2.0,3,31,149040
2.0,3,31,113900
2.0,3,33,154000
2.0,3,33,126000
2.0,3,69,200000
2.0,3,69,150000
2.0,3,33,195700
2.0,3,33,130500
2.0,3,4,170000
2.0,3,4,135000
2.0,2,33,98506
2.0,2,33,73880
2.0,3,25,117000
2.0,3,25,99450
2.0,3,33,200000
2.0,3,33,135000
2.0,3,69,193900
2.0,3,69,129300
2.0,0,69,55410
2.0,3,25,86193
2.0,3,25,61566
2.0,3,25,175000
2.0,3,25,130000
2.0,3,33,188100
2.0,3,33,139860
2.0,3,69,248700
2.0,3,69,167100
2.0,2,25,5723
2.0,3,47,123400
2.0,3,47,88100
2.0,2,12,50432
2.0,3,47,245000
2.0,3,47,205000
2.0,3,33,141300
2.0,3,33,102100
2.0,3,31,141300
2.0,3,31,102100
2.0,0,25,50000
2.0,0,47,84053
2.0,2,64,61566
2.0,3,31,250000
2.0,3,31,63000
2.0,3,45,189500
2.0,3,45,140100
2.0,3,33,177600
2.0,3,33,131300
2.0,2,33,24000
2.0,2,33,24000
2.0,3,33,250000
2.0,3,33,63000
2.0,3,69,202900
2.0,3,69,131300
2.0,3,33,145000
2.0,3,33,115000
2.0,0,69,115000
2.0,2,69,193900
2.0,2,69,129300
2.0,3,47,180000
2.0,3,47,140000
2.0,2,25,216200
2.0,2,25,144100
2.0,3,74,216000
2.0,3,74,144000
2.0,0,25,150000
1.0,0,72,12171
2.0,2,47,53416
2.0,0,5,50000
1.0,3,19,250000
2.0,1,89,84053
2.0,2,47,131752
2.0,3,4,48000
2.0,1,45,260500
2.0,1,45,175100
2.0,3,33,210000
2.0,3,33,100000
2.0,0,25,55000
2.0,2,25,130000
2.0,3,7,77119
2.0,0,47,52008
2.0,2,7,30523
2.0,3,33,206699
2.0,3,33,99100
2.0,2,4,200000
2.0,2,4,54000
2.0,3,33,250000
2.0,3,33,63000
2.0,3,31,250000
2.0,3,31,63000
2.0,3,33,250000
2.0,3,33,63000
2.0,0,4,130000
2.0,3,33,100000
2.0,3,33,80000
2.0,3,47,160000
2.0,3,47,100000
2.0,3,49,221300
2.0,3,49,148700
2.0,0,69,30000
2.0,0,25,28368
2.0,2,33,91118
2.0,2,33,61566
2.0,2,47,60938
2.0,3,45,249260
2.0,3,45,185400
2.0,3,33,170000
2.0,3,33,130000
2.0,2,47,80036
2.0,3,25,128875
2.0,3,25,93700
2.0,3,69,180000
2.0,3,69,100000
2.0,3,25,136260
2.0,3,25,109280
2.0,3,47,160000
2.0,3,47,92000
2.0,3,33,200000
2.0,3,33,160000
2.0,2,33,135446
2.0,2,33,104663
2.0,3,25,117000
2.0,3,25,99450
2.0,0,33,129000
2.0,0,33,86000
0.0,0,33,13493
0.0,0,33,13493
2.0,3,47,160000
2.0,3,47,119300
2.0,3,17,100000
2.0,2,47,25000
2.0,2,25,65257
2.0,2,3,200000
2.0,0,68,180000
2.0,2,47,153000
2.0,3,33,210000
2.0,3,33,100000
2.0,3,25,150075
2.0,3,25,110925
2.0,2,74,22800
2.0,3,47,160000
2.0,3,47,92000
2.0,3,69,202900
2.0,3,69,131300
0.0,0,25,22809
2.0,0,25,15000
2.0,3,33,175000
2.0,3,33,135000
2.0,3,45,133766
2.0,0,69,83000
2.0,2,33,92350
2.0,2,33,67723
2.0,3,47,186000
2.0,3,47,148800
2.0,3,25,112900
2.0,3,25,90320
2.0,3,66,240000
2.0,3,66,160000
2.0,3,45,300000
2.0,3,45,200000
2.0,2,33,65666
2.0,2,3,200000
2.0,2,69,116976
2.0,2,69,92350
2.0,2,3,120000
2.0,3,25,112900
2.0,3,25,90320
2.0,3,29,145000
2.0,3,29,105400
0.0,0,47,49268
2.0,2,33,110820
2.0,2,33,92350
2.0,3,47,215300
2.0,3,47,158200
2.0,3,33,209100
2.0,3,33,154600
2.0,3,25,115934
2.0,3,25,81666
2.0,3,33,175000
2.0,3,33,155000
2.0,2,69,84053
2.0,3,25,164000
2.0,3,25,132000
2.0,3,47,170000
2.0,3,47,123000
2.0,3,69,189650
2.0,3,69,164996
2.0,2,54,52533
2.0,2,54,52533
2.0,1,63,115222
2.0,3,33,165400
2.0,3,33,132320
2.0,3,31,208775
2.0,3,31,147800
2.0,3,33,136994
2.0,3,33,101570
2.0,3,25,128875
2.0,3,25,93700
2.0,1,60,76309
2.0,0,69,35093
2.0,3,33,183600
2.0,3,33,100800
2.0,2,25,49253
2.0,2,25,36940
2.0,2,25,42026
2.0,2,25,31520
2.0,2,33,84053
2.0,2,33,73546
2.0,2,33,98506
2.0,2,33,86193
2.0,2,33,84053
2.0,2,33,73546
2.0,3,69,189650
2.0,3,69,164996
2.0,2,25,42026
2.0,2,25,31520
2.0,2,33,92350
2.0,2,33,73880
2.0,3,47,215300
2.0,3,47,140400
2.0,2,33,63040
2.0,2,33,47280
2.0,3,47,260000
2.0,3,47,180000
2.0,2,47,67723
2.0,2,47,43096
2.0,2,33,63040
2.0,2,33,47280
2.0,2,33,73880
2.0,2,33,55410
1.0,2,69,51064
2.0,3,43,60000
2.0,2,33,82900
2.0,2,33,63900
2.0,2,74,160000
2.0,2,74,112300
2.0,2,45,241000
2.0,2,45,159000
2.0,3,47,180000
2.0,3,47,80000
2.0,2,25,58000
2.0,2,25,58000
2.0,3,33,136000
2.0,3,33,108800
2.0,1,33,242000
2.0,1,33,200000
2.0,2,47,61566
2.0,2,47,36940
2.0,2,33,73880
2.0,2,33,49253
2.0,3,47,165220
2.0,3,47,120160
2.0,3,25,124190
2.0,3,25,90320
2.0,3,33,181940
2.0,3,33,132320
2.0,3,33,220110
2.0,3,33,160080
2.0,3,47,180000
2.0,3,47,120000
2.0,2,25,126500
2.0,2,25,106260
2.0,3,25,116000
2.0,3,25,99000
2.0,3,25,155000
2.0,3,25,120600
2.0,2,47,130000
2.0,2,47,90000
2.0,2,33,170000
2.0,2,33,150000
2.0,3,25,102100
2.0,3,25,84900
2.0,3,47,136620
2.0,3,47,99360
2.0,3,47,110820
2.0,3,47,98506
2.0,3,47,146000
2.0,3,47,123000
2.0,0,33,49253
2.0,0,33,43096
2.0,1,25,130000
2.0,1,25,110000
2.0,3,25,170000
2.0,3,25,135000
2.0,3,45,161342
2.0,3,45,137141
2.0,3,47,167000
2.0,3,47,123000
2.0,3,33,73880
2.0,3,33,61566
2.0,3,47,211500
2.0,3,47,138600
2.0,3,31,192400
2.0,3,31,90700
2.0,3,25,130000
2.0,3,25,61300
2.0,3,25,130000
2.0,3,25,61300
2.0,3,33,160000
2.0,3,33,113000
2.0,3,47,150000
2.0,3,47,95550
2.0,2,25,167000
2.0,2,25,115500
2.0,3,25,112900
2.0,3,25,90320
2.0,3,25,112900
2.0,3,25,90320
2.0,3,33,165400
2.0,3,33,132320
2.0,3,33,243900
2.0,3,33,156600
2.0,3,25,136600
2.0,3,25,109280
2.0,3,33,128875
2.0,3,33,93700
2.0,1,59,224000
2.0,1,59,167875
2.0,1,4,175000
2.0,1,4,135000
2.0,3,33,209100
2.0,3,33,154600
2.0,3,33,180000
2.0,3,33,160000
2.0,3,47,205300
2.0,3,47,140400
2.0,3,47,176000
2.0,3,47,144000
2.0,3,33,200100
2.0,3,33,160000
2.0,3,33,70500
2.0,3,33,54000
2.0,3,47,205300
2.0,3,47,140400
2.0,3,4,205300
2.0,3,4,184700
2.0,3,33,175100
2.0,3,33,140250
2.0,3,25,116150
2.0,3,25,99050
2.0,3,33,145000
2.0,3,33,130000
2.0,3,25,112900
2.0,3,25,90320
2.0,2,25,85000
2.0,2,25,75000
2.0,3,69,214000
2.0,3,69,192600
2.0,3,31,266400
2.0,3,31,213120
2.0,3,33,155000
2.0,3,33,115000
2.0,2,47,141300
2.0,2,47,102100
2.0,3,25,115934
2.0,3,25,81666
2.0,2,33,206699
2.0,2,33,99100
2.0,3,33,130000
2.0,3,33,110500
2.0,2,25,61566
2.0,2,25,43096
2.0,3,25,80000
2.0,3,25,60000
2.0,3,31,192564
2.0,3,31,144854
2.0,3,47,230000
2.0,3,47,150000
2.0,3,29,150260
2.0,3,29,109280
2.0,3,25,170000
2.0,3,25,150000
2.0,2,47,160000
2.0,2,47,130000
2.0,0,25,67000
2.0,0,25,52000
2.0,3,33,154000
2.0,3,33,126000
2.0,3,25,129000
2.0,3,25,99000
2.0,3,47,210000
2.0,3,47,140000
2.0,3,47,210000
2.0,3,47,140000
2.0,3,47,210000
2.0,3,47,140000
2.0,3,25,100000
2.0,3,25,69000
2.0,3,47,210000
2.0,3,47,140000
2.0,3,25,150075
2.0,3,25,110925
2.0,3,33,100000
2.0,3,33,25000
2.0,3,25,126500
2.0,3,25,106260
2.0,3,33,220110
2.0,3,33,160080
2.0,3,25,105000
2.0,3,25,100000
2.0,3,25,170000
2.0,3,25,135000
2.0,3,47,230000
2.0,3,47,140000
2.0,2,25,135000
2.0,2,25,50000
2.0,3,47,220000
2.0,3,47,140000
2.0,2,47,172386
2.0,2,47,86193
2.0,3,69,220000
2.0,3,69,120000
2.0,2,47,200000
2.0,2,47,120000
2.0,3,69,120000
2.0,3,69,65000
2.0,1,33,324000
2.0,1,33,216000
2.0,3,33,210000
2.0,3,33,100000
2.0,3,47,185100
2.0,3,47,104890
2.0,3,33,105000
2.0,3,33,80000
2.0,2,68,76814
0.0,3,71,117104
2.0,1,53,192037
2.0,2,69,120000
2.0,2,17,17805
2.0,2,47,30523
2.0,2,70,55685
2.0,2,33,52533
2.0,0,47,17805
2.0,2,7,75000
2.0,2,5,157000
2.0,2,17,69133
2.0,0,33,65000
2.0,3,69,68293
1.0,2,47,109000
2.0,2,47,67597
2.0,0,23,10000
2.0,2,25,20000
1.0,3,58,102839
2.0,3,58,200000
2.0,0,47,51081
2.0,2,47,78000
2.0,3,33,135000
2.0,3,33,115000
2.0,2,69,83864
2.0,0,47,40000
2.0,2,58,31520
2.0,3,69,59888
0.0,0,33,54742
2.0,3,89,89306
2.0,0,47,83171
2.0,3,47,165000
2.0,2,74,153000
2.0,3,47,100000
2.0,3,68,76814
2.0,2,47,33609
2.0,2,81,75000
0.0,2,86,20000
2.0,0,7,30469
1.0,2,89,69999
2.0,0,33,55475
2.0,2,89,61989
2.0,3,45,152500
2.0,0,89,120000
2.0,2,47,135000
2.0,3,28,405000
1.0,3,33,150000
1.0,3,45,240000
1.0,2,25,135000
1.0,0,47,80000
2.0,3,5,380000
2.0,2,47,120402
2.0,3,5,177000
2.0,2,33,65141
2.0,2,47,48000
2.0,0,27,20000
1.0,3,84,220000
1.0,2,66,77364
1.0,2,66,63711
2.0,0,24,150000
1.0,2,25,90000
2.0,2,47,100000
1.0,0,47,100000
2.0,0,47,100000
2.0,3,89,144000
2.0,3,84,155499
1.0,3,23,24000
1.0,2,7,38400
2.0,0,57,100000
1.0,2,47,82500
1.0,0,47,49646
1.0,3,64,40570
2.0,0,33,120000
2.0,3,65,84053
1.0,0,69,20000
2.0,0,23,125000
1.0,2,47,9466
1.0,3,74,120000
1.0,0,25,10354
1.0,0,5,110037
2.0,0,66,21013
1.0,0,25,50000
1.0,3,83,200000
1.0,2,16,60000
1.0,2,33,200000
1.0,0,68,100000
1.0,2,33,100000
1.0,3,69,82744
0.0,2,33,59303
1.0,2,89,62649
1.0,2,33,82528
1.0,2,31,170000
1.0,2,31,150000
1.0,0,12,55000
1.0,1,53,250000
1.0,0,33,80000
0.0,0,16,70000
1.0,1,53,130026
1.0,0,42,63831
0.0,3,47,68428
1.0,1,59,85000
1.0,1,58,230000
1.0,0,69,125000
1.0,3,29,120000
0.0,2,89,450000
0.0,2,25,46759
0.0,2,33,74130
1.0,3,43,127221
1.0,3,45,144000
1.0,0,47,13400
1.0,2,47,75774
1.0,2,47,150000
0.0,2,42,103000
1.0,3,33,153000
1.0,2,33,90000
1.0,0,25,90000
1.0,0,25,60000
1.0,2,47,50000
1.0,0,3,12000
1.0,2,0,5409
1.0,2,66,270000
1.0,2,5,54238
1.0,2,69,47282
1.0,1,53,153667
1.0,2,33,28476
1.0,2,27,110000
1.0,0,89,82528
0.0,0,69,250000
1.0,0,25,59102
1.0,3,25,80000
0.0,0,25,10000
0.0,0,69,138000
1.0,2,33,140000
1.0,3,27,79197
1.0,3,62,170000
1.0,0,25,80000
0.0,2,47,45760
1.0,2,12,100000
1.0,3,47,53192
1.0,1,58,235000
1.0,1,12,150000
0.0,1,33,79833
1.0,0,74,225000
1.0,0,42,76833
0.0,2,70,50180
1.0,3,77,88654
1.0,3,63,103160
1.0,3,33,113476
1.0,3,69,94564
1.0,0,33,30428
1.0,3,33,150000
1.0,3,33,115000
1.0,2,89,187442
1.0,2,25,51519
0.0,2,33,106000
0.0,2,33,112872
1.0,2,12,36259
1.0,3,33,150000
0.0,0,66,15966
1.0,2,24,95746
1.0,0,24,70000
0.0,2,47,76958
1.0,2,20,89294
1.0,0,47,29751
1.0,3,63,276000
0.0,3,33,188000
1.0,3,20,160000
0.0,2,47,105000
1.0,2,33,200000
1.0,3,33,174000
1.0,2,25,93000
1.0,0,47,28399
1.0,3,89,60757
1.0,0,47,90000
0.0,2,33,70139
0.0,0,25,6072
0.0,3,33,33511
1.0,3,81,170000
1.0,3,33,96282
1.0,2,33,12103
1.0,0,47,36643
1.0,2,33,72212
0.0,0,25,91000
1.0,3,15,99703
1.0,3,47,165000
1.0,2,25,80000
1.0,3,47,103691
1.0,0,33,21637
0.0,0,89,42000
0.0,2,64,115000
1.0,2,89,63810
0.0,3,74,260000
1.0,2,59,110000
1.0,2,31,180000
1.0,3,25,200000
0.0,3,16,109024
1.0,3,33,200000
1.0,3,66,256000
1.0,2,33,110000
0.0,2,47,79833
1.0,0,33,72500
1.0,3,69,185000
1.0,2,33,69741
1.0,0,89,100000
1.0,2,33,112000
0.0,3,69,150000
1.0,3,47,20171
1.0,3,3,55000
1.0,0,47,58000
1.0,0,47,100000
1.0,3,47,77684
1.0,0,69,85000
1.0,0,42,76833
1.0,3,92,105000
0.0,0,25,72000
1.0,0,33,65013
1.0,2,33,28016
1.0,2,33,111775
1.0,2,33,93150
1.0,3,63,160000
1.0,2,47,25532
1.0,3,69,66265
1.0,2,47,16904
1.0,3,25,63831
0.0,3,64,190000
1.0,1,53,141846
1.0,0,16,16228
1.0,3,25,71786
0.0,2,47,35735
1.0,3,47,135000
1.0,0,69,24823
1.0,3,45,54094
1.0,3,69,24342
1.0,0,12,9272
1.0,2,47,147000
1.0,3,89,96113
1.0,3,45,174000
0.0,2,17,135000
1.0,0,69,21844
0.0,3,63,125000
0.0,0,47,51321
0.0,2,47,40481
1.0,1,42,69741
1.0,3,27,50000
0.0,0,47,39916
0.0,2,62,87000
1.0,2,33,26005
1.0,2,47,90734
1.0,2,16,22611
1.0,2,47,5679
1.0,0,69,81000
1.0,2,47,40038
1.0,0,42,90000
1.0,2,47,61467
1.0,3,70,195000
1.0,2,47,37825
0.0,2,25,85000
1.0,1,84,416000
1.0,3,74,225000
1.0,2,47,56256
1.0,2,47,33808
1.0,2,47,116914
1.0,2,69,46597
0.0,2,25,8000
0.0,0,33,41689
0.0,3,16,114047
1.0,2,69,88654
0.0,0,42,5707
0.0,2,63,56000
1.0,0,23,28609
1.0,2,47,88654
0.0,2,86,6072
0.0,3,33,47899
0.0,2,12,98000
1.0,2,33,66022
1.0,2,89,56738
1.0,2,69,24823
1.0,3,29,120000
1.0,2,33,20000
0.0,1,53,325000
1.0,3,69,200000
0.0,0,3,45896
1.0,2,47,160000
1.0,3,89,50000
1.0,2,43,40189
1.0,2,47,12901
1.0,3,33,165000
1.0,0,16,5882
0.0,2,47,42197
1.0,3,83,185000
0.0,0,47,62726
1.0,2,47,90734
0.0,0,47,21669
0.0,2,33,110000
1.0,3,29,140000
0.0,3,47,120000
1.0,3,47,87738
1.0,3,56,61896
1.0,2,74,12000
1.0,3,33,76833
1.0,2,69,74000
1.0,3,45,152000
1.0,2,16,18000
0.0,3,23,60000
1.0,2,47,130000
1.0,3,23,18907
1.0,0,17,59102
1.0,3,84,173762
0.0,3,84,148261
0.0,2,47,38776
1.0,2,47,46809
1.0,0,3,18053
0.0,3,47,91237
0.0,2,47,62726
1.0,2,47,115000
1.0,3,84,235000
1.0,2,62,19609
1.0,0,3,12000
1.0,2,25,75000
1.0,2,25,62000
1.0,2,47,73000
1.0,2,33,45391
0.0,3,45,190200
0.0,2,47,118000
0.0,2,47,138350
0.0,2,33,130800
0.0,3,69,45618
1.0,3,53,168000
1.0,2,47,119059
1.0,2,7,423000
1.0,2,33,28369
1.0,3,49,165000
0.0,3,47,412000
1.0,2,84,151000
0.0,0,47,105000
0.0,0,17,100000
1.0,3,45,94665
